what,kind,bundleId,bundleVersion,description,time
closed,editor,org.eclipse.cdt.ui,5.3.2.201202111925,"org.eclipse.cdt.ui.editor.CEditor",1619135070805
activated,view,com.altera.sbtgui.launch,13.13.0.132,"com.altera.sbtgui.launch.hardware.ByteStreamConsoleView",1619135079953
activated,view,org.eclipse.ui.console,3.5.100.v20111007_r372,"org.eclipse.ui.console.ConsoleView",1619135080257
activated,editor,org.eclipse.cdt.ui,5.3.2.201202111925,"org.eclipse.cdt.ui.editor.CEditor",1619135083644
deactivated,workbench,org.eclipse.ui.workbench,3.7.1.v20120104-1859,"",1619135132705
activated,workbench,org.eclipse.ui.workbench,3.7.1.v20120104-1859,"",1619135133480
deactivated,workbench,org.eclipse.ui.workbench,3.7.1.v20120104-1859,"",1619135133689
activated,workbench,org.eclipse.ui.workbench,3.7.1.v20120104-1859,"",1619135165323
executed,command,org.eclipse.ui,3.7.0.v20110928-1505,"org.eclipse.ui.file.save",1619135177307
executed,command,org.eclipse.ui,3.7.0.v20110928-1505,"org.eclipse.ui.edit.undo",1619135210662
executed,command,org.eclipse.cdt.ui,5.3.2.201202111925,"org.eclipse.cdt.ui.edit.text.c.toggle.comment",1619135211449
executed,command,org.eclipse.cdt.ui,5.3.2.201202111925,"org.eclipse.cdt.ui.edit.text.c.toggle.comment",1619135214460
executed,command,org.eclipse.ui,3.7.0.v20110928-1505,"org.eclipse.ui.file.save",1619135215844
activated,view,com.altera.sbtgui.launch,13.13.0.132,"com.altera.sbtgui.launch.hardware.ByteStreamConsoleView",1619135225089
activated,editor,org.eclipse.cdt.ui,5.3.2.201202111925,"org.eclipse.cdt.ui.editor.CEditor",1619135242887
deactivated,workbench,org.eclipse.ui.workbench,3.7.1.v20120104-1859,"",1619135304890
activated,workbench,org.eclipse.ui.workbench,3.7.1.v20120104-1859,"",1619135307460
deactivated,workbench,org.eclipse.ui.workbench,3.7.1.v20120104-1859,"",1619135322957
activated,workbench,org.eclipse.ui.workbench,3.7.1.v20120104-1859,"",1619135354851
executed,command,org.eclipse.ui,3.7.0.v20110928-1505,"org.eclipse.ui.edit.paste",1619135362972
deactivated,workbench,org.eclipse.ui.workbench,3.7.1.v20120104-1859,"",1619135384157
activated,workbench,org.eclipse.ui.workbench,3.7.1.v20120104-1859,"",1619135390895
executed,command,org.eclipse.ui,3.7.0.v20110928-1505,"org.eclipse.ui.edit.paste",1619135401908
deactivated,workbench,org.eclipse.ui.workbench,3.7.1.v20120104-1859,"",1619135404205
activated,workbench,org.eclipse.ui.workbench,3.7.1.v20120104-1859,"",1619135405293
deactivated,workbench,org.eclipse.ui.workbench,3.7.1.v20120104-1859,"",1619135406388
activated,workbench,org.eclipse.ui.workbench,3.7.1.v20120104-1859,"",1619135451409
executed,command,org.eclipse.cdt.ui,5.3.2.201202111925,"org.eclipse.cdt.ui.edit.text.c.toggle.comment",1619135460088
executed,command,org.eclipse.ui,3.7.0.v20110928-1505,"org.eclipse.ui.edit.undo",1619135462406
executed,command,org.eclipse.cdt.ui,5.3.2.201202111925,"org.eclipse.cdt.ui.edit.text.c.toggle.comment",1619135468102
executed,command,org.eclipse.ui,3.7.0.v20110928-1505,"org.eclipse.ui.file.save",1619135475621
executed,command,org.eclipse.ui.ide,3.7.0.v20110928-1505,"org.eclipse.ui.project.buildProject",1619135477262
deactivated,workbench,org.eclipse.ui.workbench,3.7.1.v20120104-1859,"",1619135477618
activated,workbench,org.eclipse.ui.workbench,3.7.1.v20120104-1859,"",1619135481893
deactivated,workbench,org.eclipse.ui.workbench,3.7.1.v20120104-1859,"",1619135549666
activated,workbench,org.eclipse.ui.workbench,3.7.1.v20120104-1859,"",1619136461139
deactivated,workbench,org.eclipse.ui.workbench,3.7.1.v20120104-1859,"",1619136538944
activated,workbench,org.eclipse.ui.workbench,3.7.1.v20120104-1859,"",1619136582287
executed,command,org.eclipse.ui,3.7.0.v20110928-1505,"org.eclipse.ui.edit.undo",1619136606430
executed,command,org.eclipse.ui,3.7.0.v20110928-1505,"org.eclipse.ui.edit.undo",1619136613037
executed,command,org.eclipse.ui,3.7.0.v20110928-1505,"org.eclipse.ui.edit.undo",1619136613364
executed,command,org.eclipse.ui,3.7.0.v20110928-1505,"org.eclipse.ui.edit.undo",1619136613930
deactivated,workbench,org.eclipse.ui.workbench,3.7.1.v20120104-1859,"",1619136615222
executed,command,org.eclipse.ui,3.7.0.v20110928-1505,"org.eclipse.ui.edit.findReplace",1619136615262
activated,workbench,org.eclipse.ui.workbench,3.7.1.v20120104-1859,"",1619136627519
executed,command,org.eclipse.cdt.ui,5.3.2.201202111925,"org.eclipse.cdt.ui.edit.text.c.toggle.comment",1619136645127
executed,command,org.eclipse.cdt.ui,5.3.2.201202111925,"org.eclipse.cdt.ui.edit.text.c.toggle.comment",1619136645330
executed,command,org.eclipse.cdt.ui,5.3.2.201202111925,"org.eclipse.cdt.ui.edit.text.c.toggle.comment",1619136645772
executed,command,org.eclipse.cdt.ui,5.3.2.201202111925,"org.eclipse.cdt.ui.edit.text.c.toggle.comment",1619136645939
executed,command,org.eclipse.cdt.ui,5.3.2.201202111925,"org.eclipse.cdt.ui.edit.text.c.toggle.comment",1619136646110
executed,command,org.eclipse.cdt.ui,5.3.2.201202111925,"org.eclipse.cdt.ui.edit.text.c.toggle.comment",1619136646311
executed,command,org.eclipse.cdt.ui,5.3.2.201202111925,"org.eclipse.cdt.ui.edit.text.c.toggle.comment",1619136646460
executed,command,org.eclipse.cdt.ui,5.3.2.201202111925,"org.eclipse.cdt.ui.edit.text.c.toggle.comment",1619136646647
executed,command,org.eclipse.cdt.ui,5.3.2.201202111925,"org.eclipse.cdt.ui.edit.text.c.toggle.comment",1619136646805
executed,command,org.eclipse.cdt.ui,5.3.2.201202111925,"org.eclipse.cdt.ui.edit.text.c.toggle.comment",1619136646992
executed,command,org.eclipse.cdt.ui,5.3.2.201202111925,"org.eclipse.cdt.ui.edit.text.c.toggle.comment",1619136647180
executed,command,org.eclipse.cdt.ui,5.3.2.201202111925,"org.eclipse.cdt.ui.edit.text.c.toggle.comment",1619136647367
executed,command,org.eclipse.cdt.ui,5.3.2.201202111925,"org.eclipse.cdt.ui.edit.text.c.toggle.comment",1619136647569
executed,command,org.eclipse.cdt.ui,5.3.2.201202111925,"org.eclipse.cdt.ui.edit.text.c.toggle.comment",1619136647747
executed,command,org.eclipse.cdt.ui,5.3.2.201202111925,"org.eclipse.cdt.ui.edit.text.c.toggle.comment",1619136647930
executed,command,org.eclipse.cdt.ui,5.3.2.201202111925,"org.eclipse.cdt.ui.edit.text.c.toggle.comment",1619136648126
executed,command,org.eclipse.cdt.ui,5.3.2.201202111925,"org.eclipse.cdt.ui.edit.text.c.toggle.comment",1619136648310
executed,command,org.eclipse.cdt.ui,5.3.2.201202111925,"org.eclipse.cdt.ui.edit.text.c.toggle.comment",1619136648507
executed,command,org.eclipse.cdt.ui,5.3.2.201202111925,"org.eclipse.cdt.ui.edit.text.c.toggle.comment",1619136648698
executed,command,org.eclipse.cdt.ui,5.3.2.201202111925,"org.eclipse.cdt.ui.edit.text.c.toggle.comment",1619136648884
executed,command,org.eclipse.cdt.ui,5.3.2.201202111925,"org.eclipse.cdt.ui.edit.text.c.toggle.comment",1619136649084
executed,command,org.eclipse.cdt.ui,5.3.2.201202111925,"org.eclipse.cdt.ui.edit.text.c.toggle.comment",1619136649294
executed,command,org.eclipse.cdt.ui,5.3.2.201202111925,"org.eclipse.cdt.ui.edit.text.c.toggle.comment",1619136649474
executed,command,org.eclipse.cdt.ui,5.3.2.201202111925,"org.eclipse.cdt.ui.edit.text.c.toggle.comment",1619136649694
executed,command,org.eclipse.ui.workbench.texteditor,3.7.0.v20110928-1504,"org.eclipse.ui.edit.text.deletePreviousWord",1619136878542
deactivated,workbench,org.eclipse.ui.workbench,3.7.1.v20120104-1859,"",1619137166114
executed,command,org.eclipse.ui,3.7.0.v20110928-1505,"org.eclipse.ui.edit.findReplace",1619137166157
activated,workbench,org.eclipse.ui.workbench,3.7.1.v20120104-1859,"",1619137178307
deactivated,workbench,org.eclipse.ui.workbench,3.7.1.v20120104-1859,"",1619137194299
executed,command,org.eclipse.ui,3.7.0.v20110928-1505,"org.eclipse.ui.edit.findReplace",1619137194340
activated,workbench,org.eclipse.ui.workbench,3.7.1.v20120104-1859,"",1619137286986
deactivated,workbench,org.eclipse.ui.workbench,3.7.1.v20120104-1859,"",1619137666801
activated,workbench,org.eclipse.ui.workbench,3.7.1.v20120104-1859,"",1619137668058
executed,command,org.eclipse.ui.workbench.texteditor,3.7.0.v20110928-1504,"org.eclipse.ui.edit.text.deletePreviousWord",1619137835492
executed,command,org.eclipse.ui.workbench.texteditor,3.7.0.v20110928-1504,"org.eclipse.ui.edit.text.deletePreviousWord",1619137879651
deactivated,workbench,org.eclipse.ui.workbench,3.7.1.v20120104-1859,"",1619137926326
activated,workbench,org.eclipse.ui.workbench,3.7.1.v20120104-1859,"",1619137927103
executed,command,org.eclipse.ui.workbench.texteditor,3.7.0.v20110928-1504,"org.eclipse.ui.edit.text.deletePreviousWord",1619137954826
executed,command,org.eclipse.ui,3.7.0.v20110928-1505,"org.eclipse.ui.edit.cut",1619138093476
executed,command,org.eclipse.ui,3.7.0.v20110928-1505,"org.eclipse.ui.edit.paste",1619138096404
deactivated,workbench,org.eclipse.ui.workbench,3.7.1.v20120104-1859,"",1619138174165
activated,workbench,org.eclipse.ui.workbench,3.7.1.v20120104-1859,"",1619138224055
executed,command,org.eclipse.ui.workbench.texteditor,3.7.0.v20110928-1504,"org.eclipse.ui.edit.text.delete.line",1619138375553
executed,command,org.eclipse.ui,3.7.0.v20110928-1505,"org.eclipse.ui.edit.undo",1619138376493
executed,command,org.eclipse.ui,3.7.0.v20110928-1505,"org.eclipse.ui.edit.undo",1619138484034
executed,command,org.eclipse.ui,3.7.0.v20110928-1505,"org.eclipse.ui.edit.undo",1619138484319
executed,command,org.eclipse.ui,3.7.0.v20110928-1505,"org.eclipse.ui.edit.undo",1619138484644
executed,command,org.eclipse.ui,3.7.0.v20110928-1505,"org.eclipse.ui.edit.undo",1619138485032
executed,command,org.eclipse.ui,3.7.0.v20110928-1505,"org.eclipse.ui.edit.undo",1619138485947
executed,command,org.eclipse.ui,3.7.0.v20110928-1505,"org.eclipse.ui.edit.undo",1619138486367
executed,command,org.eclipse.ui.workbench.texteditor,3.7.0.v20110928-1504,"org.eclipse.ui.edit.text.delete.line",1619138489818
executed,command,org.eclipse.ui,3.7.0.v20110928-1505,"org.eclipse.ui.edit.undo",1619138490525
executed,command,org.eclipse.ui,3.7.0.v20110928-1505,"org.eclipse.ui.edit.copy",1619138491076
executed,command,org.eclipse.ui,3.7.0.v20110928-1505,"org.eclipse.ui.edit.paste",1619138493577
executed,command,org.eclipse.ui,3.7.0.v20110928-1505,"org.eclipse.ui.edit.delete",1619138523952
deactivated,workbench,org.eclipse.ui.workbench,3.7.1.v20120104-1859,"",1619139790795
activated,workbench,org.eclipse.ui.workbench,3.7.1.v20120104-1859,"",1619141756921
deactivated,workbench,org.eclipse.ui.workbench,3.7.1.v20120104-1859,"",1619141763490
activated,workbench,org.eclipse.ui.workbench,3.7.1.v20120104-1859,"",1619143259421
deactivated,workbench,org.eclipse.ui.workbench,3.7.1.v20120104-1859,"",1619143259447
activated,workbench,org.eclipse.ui.workbench,3.7.1.v20120104-1859,"",1619143263183
executed,command,org.eclipse.ui,3.7.0.v20110928-1505,"org.eclipse.ui.edit.selectAll",1619143263941
executed,command,org.eclipse.ui,3.7.0.v20110928-1505,"org.eclipse.ui.edit.paste",1619143264212
executed,command,org.eclipse.ui,3.7.0.v20110928-1505,"org.eclipse.ui.file.save",1619143264526
executed,command,org.eclipse.ui.ide,3.7.0.v20110928-1505,"org.eclipse.ui.project.buildProject",1619143267103
deactivated,workbench,org.eclipse.ui.workbench,3.7.1.v20120104-1859,"",1619143267580
activated,workbench,org.eclipse.ui.workbench,3.7.1.v20120104-1859,"",1619143269710
activated,view,org.eclipse.ui.ide,3.7.0.v20110928-1505,"org.eclipse.ui.views.ProblemView",1619143271325
deactivated,workbench,org.eclipse.ui.workbench,3.7.1.v20120104-1859,"",1619143279139
activated,workbench,org.eclipse.ui.workbench,3.7.1.v20120104-1859,"",1619143281959
executed,command,org.eclipse.ui.ide,3.7.0.v20110928-1505,"org.eclipse.ui.project.cleanAction",1619143281969
deactivated,workbench,org.eclipse.ui.workbench,3.7.1.v20120104-1859,"",1619143282324
activated,workbench,org.eclipse.ui.workbench,3.7.1.v20120104-1859,"",1619143283797
deactivated,workbench,org.eclipse.ui.workbench,3.7.1.v20120104-1859,"",1619143288550
activated,workbench,org.eclipse.ui.workbench,3.7.1.v20120104-1859,"",1619143340397
activated,editor,org.eclipse.cdt.ui,5.3.2.201202111925,"org.eclipse.cdt.ui.editor.CEditor",1619143361282
deactivated,workbench,org.eclipse.ui.workbench,3.7.1.v20120104-1859,"",1619143370097
activated,workbench,org.eclipse.ui.workbench,3.7.1.v20120104-1859,"",1619143407971
executed,command,org.eclipse.ui,3.7.0.v20110928-1505,"org.eclipse.ui.edit.paste",1619143418042
executed,command,org.eclipse.ui,3.7.0.v20110928-1505,"org.eclipse.ui.file.save",1619143418730
executed,command,org.eclipse.ui.ide,3.7.0.v20110928-1505,"org.eclipse.ui.project.buildProject",1619143423427
deactivated,workbench,org.eclipse.ui.workbench,3.7.1.v20120104-1859,"",1619143423736
activated,workbench,org.eclipse.ui.workbench,3.7.1.v20120104-1859,"",1619143427908
deactivated,workbench,org.eclipse.ui.workbench,3.7.1.v20120104-1859,"",1619143428596
activated,workbench,org.eclipse.ui.workbench,3.7.1.v20120104-1859,"",1619143432122
activated,view,org.eclipse.ui.ide,3.7.0.v20110928-1505,"org.eclipse.ui.views.ProblemView",1619143435399
activated,editor,org.eclipse.cdt.ui,5.3.2.201202111925,"org.eclipse.cdt.ui.editor.CEditor",1619143435619
activated,view,org.eclipse.ui.ide,3.7.0.v20110928-1505,"org.eclipse.ui.views.ProblemView",1619143441740
activated,editor,org.eclipse.cdt.ui,5.3.2.201202111925,"org.eclipse.cdt.ui.editor.CEditor",1619143441966
activated,view,org.eclipse.ui.ide,3.7.0.v20110928-1505,"org.eclipse.ui.views.ProblemView",1619143448366
activated,editor,org.eclipse.cdt.ui,5.3.2.201202111925,"org.eclipse.cdt.ui.editor.CEditor",1619143448580
activated,view,org.eclipse.ui.ide,3.7.0.v20110928-1505,"org.eclipse.ui.views.ProblemView",1619143454042
activated,editor,org.eclipse.cdt.ui,5.3.2.201202111925,"org.eclipse.cdt.ui.editor.CEditor",1619143454285
activated,view,org.eclipse.ui.ide,3.7.0.v20110928-1505,"org.eclipse.ui.views.ProblemView",1619143657331
activated,editor,org.eclipse.cdt.ui,5.3.2.201202111925,"org.eclipse.cdt.ui.editor.CEditor",1619143657525
deactivated,workbench,org.eclipse.ui.workbench,3.7.1.v20120104-1859,"",1619143659371
executed,command,org.eclipse.ui,3.7.0.v20110928-1505,"org.eclipse.ui.edit.findReplace",1619143659399
activated,workbench,org.eclipse.ui.workbench,3.7.1.v20120104-1859,"",1619143666120
activated,view,org.eclipse.ui.ide,3.7.0.v20110928-1505,"org.eclipse.ui.views.ProblemView",1619143667648
activated,editor,org.eclipse.cdt.ui,5.3.2.201202111925,"org.eclipse.cdt.ui.editor.CEditor",1619143667896
activated,view,org.eclipse.ui.ide,3.7.0.v20110928-1505,"org.eclipse.ui.views.ProblemView",1619143833421
activated,editor,org.eclipse.cdt.ui,5.3.2.201202111925,"org.eclipse.cdt.ui.editor.CEditor",1619143840436
executed,command,org.eclipse.ui,3.7.0.v20110928-1505,"org.eclipse.ui.edit.copy",1619143843796
executed,command,org.eclipse.ui,3.7.0.v20110928-1505,"org.eclipse.ui.edit.paste",1619143858483
executed,command,org.eclipse.ui,3.7.0.v20110928-1505,"org.eclipse.ui.file.save",1619143864332
activated,perspective,com.altera.sbtgui.ui,,"com.altera.sbtgui.ui.cPerspective",1619504782689
started,bundle,org.eclipse.osgi,3.7.2.v20120110-1415,"org.eclipse.osgi",1619504782689
started,bundle,org.eclipse.equinox.simpleconfigurator,1.0.200.v20110815-1438,"org.eclipse.equinox.simpleconfigurator",1619504782689
started,bundle,com.ibm.icu,4.4.2.v20110823,"com.ibm.icu",1619504782689
started,bundle,org.eclipse.cdt.codan.checkers,1.0.1.201202111925,"org.eclipse.cdt.codan.checkers",1619504782689
started,bundle,org.eclipse.cdt.codan.core,2.0.0.201202111925,"org.eclipse.cdt.codan.core",1619504782689
started,bundle,org.eclipse.cdt.codan.core.cxx,1.0.0.201202111925,"org.eclipse.cdt.codan.core.cxx",1619504782704
started,bundle,org.eclipse.cdt.codan.ui.cxx,2.0.0.201202111925,"org.eclipse.cdt.codan.ui.cxx",1619504782704
started,bundle,org.eclipse.cdt.core,5.3.2.201202111925,"org.eclipse.cdt.core",1619504782704
started,bundle,org.eclipse.cdt.make.core,7.1.2.201202111925,"org.eclipse.cdt.make.core",1619504782704
started,bundle,org.eclipse.cdt.make.ui,7.1.2.201202111925,"org.eclipse.cdt.make.ui",1619504782704
started,bundle,org.eclipse.cdt.managedbuilder.core,8.0.2.201202111925,"org.eclipse.cdt.managedbuilder.core",1619504782704
started,bundle,org.eclipse.cdt.ui,5.3.2.201202111925,"org.eclipse.cdt.ui",1619504782704
started,bundle,org.eclipse.compare.core,3.5.200.I20110208-0800,"org.eclipse.compare.core",1619504782704
started,bundle,org.eclipse.core.contenttype,3.4.100.v20110423-0524,"org.eclipse.core.contenttype",1619504782704
started,bundle,org.eclipse.core.databinding.observable,1.4.0.I20110222-0800,"org.eclipse.core.databinding.observable",1619504782704
started,bundle,org.eclipse.core.expressions,3.4.300.v20110228,"org.eclipse.core.expressions",1619504782704
started,bundle,org.eclipse.core.filebuffers,3.5.200.v20110928-1504,"org.eclipse.core.filebuffers",1619504782704
started,bundle,org.eclipse.core.filesystem,1.3.100.v20110423-0524,"org.eclipse.core.filesystem",1619504782704
started,bundle,org.eclipse.core.jobs,3.5.101.v20120113-1953,"org.eclipse.core.jobs",1619504782704
started,bundle,org.eclipse.core.net,1.2.100.I20110511-0800,"org.eclipse.core.net",1619504782704
started,bundle,org.eclipse.core.resources,3.7.101.v20120125-1505,"org.eclipse.core.resources",1619504782704
started,bundle,org.eclipse.core.runtime,3.7.0.v20110110,"org.eclipse.core.runtime",1619504782704
started,bundle,org.eclipse.core.runtime.compatibility,3.2.100.v20100505,"org.eclipse.core.runtime.compatibility",1619504782704
started,bundle,org.eclipse.core.runtime.compatibility.auth,3.2.200.v20110110,"org.eclipse.core.runtime.compatibility.auth",1619504782704
started,bundle,org.eclipse.debug.core,3.7.1.v20111129-2031,"org.eclipse.debug.core",1619504782704
started,bundle,org.eclipse.egit.core,1.3.0.201202151440-r,"org.eclipse.egit.core",1619504782720
started,bundle,org.eclipse.egit.ui,1.3.0.201202151440-r,"org.eclipse.egit.ui",1619504782720
started,bundle,org.eclipse.epp.mpc.ui,1.1.1.I20110907-0947,"org.eclipse.epp.mpc.ui",1619504782720
started,bundle,org.eclipse.epp.usagedata.gathering,1.3.1.R201106061540,"org.eclipse.epp.usagedata.gathering",1619504782720
started,bundle,org.eclipse.epp.usagedata.recording,1.3.1.R201106061540,"org.eclipse.epp.usagedata.recording",1619504782720
started,bundle,org.eclipse.equinox.app,1.3.100.v20110321,"org.eclipse.equinox.app",1619504782720
started,bundle,org.eclipse.equinox.common,3.6.0.v20110523,"org.eclipse.equinox.common",1619504782720
started,bundle,org.eclipse.equinox.ds,1.3.1.R37x_v20110701,"org.eclipse.equinox.ds",1619504782720
started,bundle,org.eclipse.equinox.event,1.2.100.v20110502,"org.eclipse.equinox.event",1619504782720
started,bundle,org.eclipse.equinox.p2.core,2.1.1.v20120113-1346,"org.eclipse.equinox.p2.core",1619504782720
started,bundle,org.eclipse.equinox.p2.directorywatcher,1.0.300.v20110815-1419,"org.eclipse.equinox.p2.directorywatcher",1619504782720
started,bundle,org.eclipse.equinox.p2.engine,2.1.1.R37x_v20111003,"org.eclipse.equinox.p2.engine",1619504782720
started,bundle,org.eclipse.equinox.p2.metadata,2.1.0.v20110815-1419,"org.eclipse.equinox.p2.metadata",1619504782720
started,bundle,org.eclipse.equinox.p2.metadata.repository,1.2.0.v20110815-1419,"org.eclipse.equinox.p2.metadata.repository",1619504782720
started,bundle,org.eclipse.equinox.p2.operations,2.1.1.R37x_v20111111,"org.eclipse.equinox.p2.operations",1619504782720
started,bundle,org.eclipse.equinox.p2.reconciler.dropins,1.1.100.v20110815-1419,"org.eclipse.equinox.p2.reconciler.dropins",1619504782720
started,bundle,org.eclipse.equinox.p2.repository,2.1.1.v20120113-1346,"org.eclipse.equinox.p2.repository",1619504782720
started,bundle,org.eclipse.equinox.p2.ui.sdk.scheduler,1.0.100.v20110815-1419,"org.eclipse.equinox.p2.ui.sdk.scheduler",1619504782720
started,bundle,org.eclipse.equinox.p2.updatechecker,1.1.200.v20110815-1419,"org.eclipse.equinox.p2.updatechecker",1619504782720
started,bundle,org.eclipse.equinox.preferences,3.4.2.v20120111-2020,"org.eclipse.equinox.preferences",1619504782720
started,bundle,org.eclipse.equinox.registry,3.5.101.R37x_v20110810-1611,"org.eclipse.equinox.registry",1619504782720
started,bundle,org.eclipse.equinox.security,1.1.1.R37x_v20110822-1018,"org.eclipse.equinox.security",1619504782735
started,bundle,org.eclipse.equinox.util,1.0.300.v20110502,"org.eclipse.equinox.util",1619504782735
started,bundle,org.eclipse.help,3.5.100.v20110426,"org.eclipse.help",1619504782735
started,bundle,org.eclipse.jface,3.7.0.v20110928-1505,"org.eclipse.jface",1619504782735
started,bundle,org.eclipse.jgit,1.3.0.201202151440-r,"org.eclipse.jgit",1619504782735
started,bundle,org.eclipse.jsch.core,1.1.300.I20110514-0800,"org.eclipse.jsch.core",1619504782735
started,bundle,org.eclipse.ltk.core.refactoring,3.5.201.r372_v20111101-0700,"org.eclipse.ltk.core.refactoring",1619504782735
started,bundle,org.eclipse.mylyn.bugzilla.core,3.6.5.v20120123-0100,"org.eclipse.mylyn.bugzilla.core",1619504782735
started,bundle,org.eclipse.mylyn.bugzilla.ui,3.6.0.v20110608-1400,"org.eclipse.mylyn.bugzilla.ui",1619504782735
started,bundle,org.eclipse.mylyn.commons.identity,0.8.0.v20110608-1400,"org.eclipse.mylyn.commons.identity",1619504782735
started,bundle,org.eclipse.mylyn.commons.net,3.6.0.v20110608-1400,"org.eclipse.mylyn.commons.net",1619504782735
started,bundle,org.eclipse.mylyn.commons.ui,3.6.1.v20110720-0100,"org.eclipse.mylyn.commons.ui",1619504782735
started,bundle,org.eclipse.mylyn.context.core,3.6.1.v20110720-0100,"org.eclipse.mylyn.context.core",1619504782735
started,bundle,org.eclipse.mylyn.context.ui,3.6.1.v20120112-0100,"org.eclipse.mylyn.context.ui",1619504782735
started,bundle,org.eclipse.mylyn.monitor.ui,3.6.0.v20110608-1400,"org.eclipse.mylyn.monitor.ui",1619504782735
started,bundle,org.eclipse.mylyn.tasks.ui,3.6.5.v20120215-0100,"org.eclipse.mylyn.tasks.ui",1619504782735
started,bundle,org.eclipse.mylyn.team.ui,3.6.1.v20110825-0100,"org.eclipse.mylyn.team.ui",1619504782735
started,bundle,org.eclipse.search,3.7.0.v20110928-1504,"org.eclipse.search",1619504782735
started,bundle,org.eclipse.team.core,3.6.0.I20110525-0800,"org.eclipse.team.core",1619504782735
started,bundle,org.eclipse.team.cvs.core,3.3.400.I20110510-0800,"org.eclipse.team.cvs.core",1619504782735
started,bundle,org.eclipse.team.cvs.ui,3.3.401.v20120126-1227,"org.eclipse.team.cvs.ui",1619504782751
started,bundle,org.eclipse.team.ui,3.6.101.R37x_v20111109-0800,"org.eclipse.team.ui",1619504782751
started,bundle,org.eclipse.ui,3.7.0.v20110928-1505,"org.eclipse.ui",1619504782751
started,bundle,org.eclipse.ui.console,3.5.100.v20111007_r372,"org.eclipse.ui.console",1619504782751
started,bundle,org.eclipse.ui.editors,3.7.0.v20110928-1504,"org.eclipse.ui.editors",1619504782751
started,bundle,org.eclipse.ui.forms,3.5.101.v20111011-1919,"org.eclipse.ui.forms",1619504782751
started,bundle,org.eclipse.ui.ide,3.7.0.v20110928-1505,"org.eclipse.ui.ide",1619504782751
started,bundle,org.eclipse.ui.navigator,3.5.101.v20120106-1355,"org.eclipse.ui.navigator",1619504782751
started,bundle,org.eclipse.ui.navigator.resources,3.4.300.v20110928-1505,"org.eclipse.ui.navigator.resources",1619504782751
started,bundle,org.eclipse.ui.net,1.2.100.v20111208-1155,"org.eclipse.ui.net",1619504782751
started,bundle,org.eclipse.ui.views,3.6.0.v20110928-1505,"org.eclipse.ui.views",1619504782751
started,bundle,org.eclipse.ui.workbench,3.7.1.v20120104-1859,"org.eclipse.ui.workbench",1619504782751
started,bundle,org.eclipse.ui.workbench.texteditor,3.7.0.v20110928-1504,"org.eclipse.ui.workbench.texteditor",1619504782751
started,bundle,org.eclipse.update.configurator,3.3.100.v20100512,"org.eclipse.update.configurator",1619504782751
started,bundle,org.eclipse.update.core,3.2.500.v20110330,"org.eclipse.update.core",1619504782767
started,bundle,org.eclipse.update.scheduler,3.2.300.v20100512,"org.eclipse.update.scheduler",1619504782767
started,bundle,com.altera.sbtgui.integration,13.13.0.132,"com.altera.sbtgui.integration",1619504782767
started,bundle,com.altera.sbtgui.project,13.13.0.132,"com.altera.sbtgui.project",1619504782767
started,bundle,com.altera.systemconsole,13.13.0.132,"com.altera.systemconsole",1619504782767
os,sysinfo,,,"win32",1619504782767
arch,sysinfo,,,"x86",1619504782767
ws,sysinfo,,,"win32",1619504782767
locale,sysinfo,,,"en_NZ",1619504782767
processors,sysinfo,,,"4",1619504782767
java.runtime.name,sysinfo,,,"Java(TM) SE Runtime Environment",1619504782767
java.runtime.version,sysinfo,,,"1.6.0_23-b05",1619504782767
java.specification.name,sysinfo,,,"Java Platform API Specification",1619504782767
java.specification.vendor,sysinfo,,,"Sun Microsystems Inc.",1619504782767
java.specification.version,sysinfo,,,"1.6",1619504782767
java.vendor,sysinfo,,,"Sun Microsystems Inc.",1619504782767
java.version,sysinfo,,,"1.6.0_23",1619504782767
java.vm.info,sysinfo,,,"mixed mode",1619504782767
java.vm.name,sysinfo,,,"Java HotSpot(TM) Client VM",1619504782767
java.vm.specification.name,sysinfo,,,"Java Virtual Machine Specification",1619504782767
java.vm.specification.vendor,sysinfo,,,"Sun Microsystems Inc.",1619504782767
java.vm.specification.version,sysinfo,,,"1.0",1619504782767
java.vm.vendor,sysinfo,,,"Sun Microsystems Inc.",1619504782767
java.vm.version,sysinfo,,,"19.0-b09",1619504782767
started,bundle,com.altera.utilities,13.13.0.132,"com.altera.utilities",1619504782845
started,bundle,com.altera.systemconsole.designs.plugin,13.13.0.132,"com.altera.systemconsole.designs.plugin",1619504782923
started,bundle,org.eclipse.epp.usagedata.ui,1.3.1.R201106061540,"org.eclipse.epp.usagedata.ui",1619504783813
deactivated,workbench,org.eclipse.ui.workbench,3.7.1.v20120104-1859,"",1619504784361
started,bundle,com.altera.sbtgui.launch,13.13.0.132,"com.altera.sbtgui.launch",1619504784415
activated,workbench,org.eclipse.ui.workbench,3.7.1.v20120104-1859,"",1619504790453
activated,view,org.eclipse.ui.ide,3.7.0.v20110928-1505,"org.eclipse.ui.views.ProblemView",1619504792148
activated,view,org.eclipse.ui.navigator.resources,3.4.300.v20110928-1505,"org.eclipse.ui.navigator.ProjectExplorer",1619504800361
started,bundle,org.eclipse.linuxtools.cdt.autotools.core,1.0.2.201202152032,"org.eclipse.linuxtools.cdt.autotools.core",1619504800564
started,bundle,org.eclipse.core.variables,3.2.500.v20110928-1503,"org.eclipse.core.variables",1619504800611
started,bundle,org.eclipse.cdt.managedbuilder.gnu.ui,8.0.2.201202111925,"org.eclipse.cdt.managedbuilder.gnu.ui",1619504800642
started,bundle,org.eclipse.cdt.msw.build,1.0.0.201202111925,"org.eclipse.cdt.msw.build",1619504800689
started,bundle,com.altera.sbtgui.core,13.13.0.132,"com.altera.sbtgui.core",1619504800845
opened,editor,org.eclipse.cdt.ui,5.3.2.201202111925,"org.eclipse.cdt.ui.editor.CEditor",1619504806690
started,bundle,org.eclipse.ltk.ui.refactoring,3.6.0.v20110928-1453,"org.eclipse.ltk.ui.refactoring",1619504806795
activated,editor,org.eclipse.cdt.ui,5.3.2.201202111925,"org.eclipse.cdt.ui.editor.CEditor",1619504806939
started,bundle,org.eclipse.cdt.codan.ui,2.0.1.201202111925,"org.eclipse.cdt.codan.ui",1619504807573
started,bundle,org.eclipse.cdt.codan.checkers.ui,1.0.0.201202111925,"org.eclipse.cdt.codan.checkers.ui",1619504808927
deactivated,workbench,org.eclipse.ui.workbench,3.7.1.v20120104-1859,"",1619505474180
activated,workbench,org.eclipse.ui.workbench,3.7.1.v20120104-1859,"",1619510517684
